Aquamarine,8675.99587,-3836.263525,845.9529965,绿色系,薄荷绿
Green NCS,5793.032761,-3860.645851,1560.825895,绿色系,凯利绿
Green Cyan,5615.484674,-3761.831197,1557.022519,绿色系,凯利绿
Sacramento State Green,2543.751974,-1681.421224,651.93371,绿色系,墨绿色
Mountain Meadow,6624.309962,-3846.651206,1026.657556,绿色系,祖母绿
Viridian,5054.995815,-2233.449797,446.4337372,绿色系,青椒绿
Brunswick Green,3283.595249,-1738.656165,380.1113645,绿色系,墨绿色
Dark Jungle Green,1852.447849,-463.5138893,56.49571947,灰色系,纯黑色
Green Munsell,6064.45936,-3920.814527,1366.496871,绿色系,祖母绿
Hookers Green,4832.964812,-1685.011428,232.4651805,绿色系,古典绿
Jungle Green,6195.693062,-3549.352428,796.5606858,绿色系,祖母绿
Spanish Viridian,4849.274134,-3091.833335,995.9233811,绿色系,青椒绿
Bottle Green,4196.945544,-2648.791929,802.3217453,绿色系,万年青色
Castleton Green,3547.781626,-2247.533261,693.137788,绿色系,万年青色
Illuminating Emerald,5458.471583,-2859.935745,521.9095517,绿色系,青椒绿
Opal,7354.162432,-894.9174632,38.92229363,灰色系,雨灰色
Caribbean Green,7100.54458,-4414.237075,1230.615399,绿色系,凯利绿
Polished Pine,6150.459076,-2241.910943,173.9585013,绿色系,绿松石色
Zomp,6124.668361,-3087.145977,364.4989175,绿色系,祖母绿
MSU Green,3014.775207,-1506.858421,163.5392513,绿色系,墨绿色
Wintergreen Dream,5335.041704,-1654.731153,60.67681061,绿色系,古典绿
Blue Green Color Wheel,3296.453762,-1901.901943,283.8700357,绿色系,万年青色
Generic Viridian,4869.459011,-2868.124831,522.3667668,绿色系,青椒绿
Green Sheen,6502.832818,-1994.318736,26.37916202,绿色系,绿松石色
Paolo Veronese Green,5714.345402,-3352.004516,589.4000765,绿色系,祖母绿
Sea Green Crayola,8515.724094,-5004.749058,904.5350941,绿色系,薄荷绿
Tropical Rain Forest,4559.416901,-2685.293813,487.6507789,绿色系,青椒绿
Middle Blue Green,7783.959585,-2231.629327,-80.67504168,蓝色系,Tiffany蓝
Keppel,6402.943438,-3056.114948,5.544473549,绿色系,绿松石色
Persian Green,6066.033762,-3235.08342,34.27338805,绿色系,绿松石色
Celadon Green,5104.0946,-2247.822384,-241.7369981,绿色系,古典绿
Turquoise,7769.781622,-3647.496867,-305.6889551,绿色系,薄荷绿
Pine Green,4716.911371,-2411.407054,-156.4082359,绿色系,古典绿
Myrtle Green,4748.169523,-1935.282658,-309.7558983,绿色系,古典绿
Turquoise Blue,8586.550624,-4260.243109,-490.8944736,蓝色系,Tiffany蓝
Light Sea Green,6454.492417,-3050.743201,-491.7175932,绿色系,绿松石色
Verdigris,6536.93512,-2687.79719,-553.9475372,绿色系,绿松石色
Deep Jungle Green,3225.248919,-1519.510148,-325.2094175,绿色系,深青色
Fluorescent Blue,8312.605808,-3876.560976,-852.5588251,蓝色系,Tiffany蓝
Medium Turquoise,7392.309248,-3095.017782,-680.2841987,绿色系,绿松石色
Tiffany Blue,6685.16811,-3138.671202,-669.6118849,绿色系,绿松石色
Aqua,8624.745133,-3878.809655,-1140.545357,蓝色系,Tiffany蓝
Azure X 11 Web Color,9250.892705,-414.9856299,-144.0927507,灰色系,亮白色
Celeste,8941.363154,-1975.609427,-635.3336578,蓝色系,Tiffany蓝
Charleston Green,2174.589039,-305.4587584,-101.5987464,灰色系,魅影黑
Dark Cyan,5302.551998,-2387.485168,-702.0285511,蓝色系,比斯开湾蓝
Dark Slate Gray,3454.785827,-990.0323996,-310.198124,绿色系,深青色
Light Cyan,9160.799517,-844.7278848,-286.8010257,灰色系,亮白色
Maximum Blue Green,6863.994345,-2930.780989,-869.3205178,绿色系,绿松石色
Rich Black,2844.793764,-1284.203423,-377.6138509,绿色系,深青色
Robin Egg Blue,7212.395631,-3244.809369,-954.1206165,绿色系,绿松石色
Skobeloff,4586.30299,-2065.962715,-607.4864175,绿色系,湖水绿
Teal,4963.220448,-2235.160053,-657.2380824,蓝色系,比斯开湾蓝
Warm Black,2916.031823,-1316.182015,-387.0170025,绿色系,深青色
Dark Turquoise,7276.868669,-3193.481857,-1087.980911,蓝色系,蓝光色
Steel Teal,5462.223697,-1220.562455,-444.2727547,蓝色系,比斯开湾蓝
Viridian Green,5642.123142,-2482.925364,-835.8990179,蓝色系,浅孔雀蓝
Cadet Blue,6034.193191,-1656.963786,-623.1113894,蓝色系,浅孔雀蓝
Electric Blue,8620.087535,-2764.392094,-1132.944957,蓝色系,Tiffany蓝
Metallic Seaweed,4944.753764,-1793.816858,-1292.723169,蓝色系,比斯开湾蓝
Midnight Green Eagle Green,3196.714916,-1099.939959,-932.3621623,绿色系,深青色
Powder Blue,8162.872393,-1194.148674,-679.4933063,蓝色系,柔和蓝
Blizzard Blue,8278.154735,-1353.102279,-869.1986096,蓝色系,柔和蓝
Ming,4678.28422,-1410.205942,-926.6468152,蓝色系,比斯开湾蓝
Outer Space Crayola,2691.751964,-348.5554306,-241.0753632,灰色系,魅影黑
Blue Munsell,5632.879651,-1690.383771,-1976.324566,蓝色系,蓝鸟色
Middle Blue,7672.587726,-1786.844271,-1434.892311,蓝色系,蓝光色
Sky Blue Crayola,7729.547107,-1967.924798,-1533.276765,蓝色系,蓝光色
Pacific Blue,6306.050329,-1852.909691,-2189.688646,蓝色系,挪威蓝
Blue Green,5804.882638,-1576.288467,-2245.234413,蓝色系,挪威蓝
Vivid Sky Blue,7365.563105,-1850.103567,-3060.668511,蓝色系,挪威蓝
Cyan Process,6773.393816,-1511.008447,-3062.111804,蓝色系,挪威蓝
Non Photo Blue,8054.915113,-1216.579757,-1161.688317,蓝色系,海蓝色
Cerulean Crayola,6428.078558,-1601.22086,-2616.054786,蓝色系,挪威蓝
Deep Space Sparkle,4265.921848,-632.6694858,-654.4321677,灰色系,暴风雨灰
Teal Blue,4741.562624,-1150.055247,-1394.574292,蓝色系,孔雀蓝
Capri,7045.156614,-1274.450822,-3560.31694,蓝色系,挪威蓝
Light Blue,7964.92595,-920.8711613,-975.810894,蓝色系,海蓝色
Maximum Blue,6426.34865,-1521.180432,-2141.697869,蓝色系,挪威蓝
Onyx,2746.828106,-91.17059262,-93.94708942,灰色系,魅影黑
Celadon Blue,4961.647683,-805.344379,-2625.18286,蓝色系,蓝鸟色
CG Blue,4926.602205,-821.2178046,-2580.104643,蓝色系,蓝鸟色
Blue NCS,5369.934374,-682.8386845,-3070.556076,蓝色系,景泰蓝
Blue Sapphire,4090.959992,-761.1890545,-1991.768328,蓝色系,海港蓝
Sky Blue,7576.550502,-1236.375036,-1805.152595,蓝色系,海蓝色
Baby Blue,7622.438588,-1125.968289,-1962.535277,蓝色系,海蓝色
Cadet,4440.498652,-447.7841488,-702.576714,灰色系,暴风雨灰
Dark Sky Blue,7159.391376,-883.3495589,-1470.064509,蓝色系,海蓝色
Gunmetal,2548.005291,-240.9833434,-398.18608,灰色系,魅影黑
Pewter Blue,6546.481002,-553.4057535,-939.1401127,蓝色系,勿忘我蓝
Silver Sand,7461.732701,-43.17657779,-64.12158994,灰色系,冰川灰
Star Command Blue,5036.002906,-240.6372468,-3352.682742,蓝色系,景泰蓝
Light Cornflower Blue,7576.360688,-917.2114122,-1755.169607,蓝色系,海蓝色
Columbia Blue,8062.233422,-567.4633089,-1049.850388,蓝色系,婴儿蓝
Uranian Blue,8082.094309,-708.7098934,-1476.08801,蓝色系,海蓝色
French Blue,4819.005142,336.5234902,-3846.949005,蓝色系,维多利亚蓝
Honolulu Blue,4634.271126,227.8157087,-3594.345228,蓝色系,维多利亚蓝
Indigo Dye,3065.873194,190.2842414,-2425.461815,蓝色系,藏蓝
Light Sky Blue,7621.284867,-887.5528552,-2419.954464,蓝色系,海蓝色
Sapphire Blue,4421.68313,171.7855153,-3379.432206,蓝色系,维多利亚蓝
Spanish Blue,4752.504565,341.4326167,-3804.498464,蓝色系,维多利亚蓝
Carolina Blue,6214.920497,-613.2401559,-2797.867303,蓝色系,挪威蓝
Charcoal,3199.131339,-268.5895746,-690.2203794,灰色系,魅影黑
Green Blue Crayola,5440.707909,-215.249136,-3493.144018,蓝色系,景泰蓝
Air Superiority Blue,6259.059217,-561.5984316,-1863.331498,蓝色系,黄昏蓝
Cadet Grey,6443.456566,-295.9977498,-756.2256698,蓝色系,浅灰蓝
Maya Blue,7270.203001,-676.1129969,-3013.624288,蓝色系,挪威蓝
Pale Cerulean,7405.113654,-547.3624802,-1645.014122,蓝色系,海蓝色
Prussian Blue,2461.892231,276.9998586,-2085.242699,蓝色系,藏蓝
Aero,7027.05966,-578.2652181,-2512.67192,蓝色系,宁静蓝
Beau Blue,7953.965104,-360.7539126,-983.8803608,蓝色系,婴儿蓝
Blue Jeans,6645.554287,-436.587871,-3299.826504,蓝色系,矢车菊蓝
Dark Electric Blue,4459.258013,-307.3676829,-987.7697163,灰色系,暴风雨灰
Iceberg,6455.690905,-450.0719224,-2369.251873,蓝色系,宁静蓝
Rich Black FOGRA 29,739.3631448,103.3259153,-654.6609362,灰色系,纯黑色
Steel Blue,5295.676134,-267.5656069,-2739.254222,蓝色系,景泰蓝
Alice Blue,9101.543862,-114.4625613,-363.407302,灰色系,亮白色
Cerulean Frost,6121.791662,-381.4833693,-2171.981774,蓝色系,黄昏蓝
Baby Blue Eyes,7615.752057,-360.0188983,-2008.691016,蓝色系,海蓝色
Black Coral,4279.690273,-178.0379065,-786.3982002,灰色系,暴风雨灰
Green Blue,4430.780419,880.7727604,-4121.397253,蓝色系,维多利亚蓝
USAFA Blue,3724.395139,1073.629472,-3833.097272,蓝色系,维多利亚蓝
Azure,5514.823059,1920.650096,-6003.234672,蓝色系,维多利亚蓝
Bleu De France,5722.949676,581.5244766,-4531.4196,蓝色系,矢车菊蓝
Blue Gray,6075.166707,-193.4709451,-2677.561922,蓝色系,矢车菊蓝
Bright Navy Blue,5001.67544,1046.696761,-4682.216303,蓝色系,维多利亚蓝
Dodger Blue,5917.715769,1057.533654,-5350.999969,蓝色系,维多利亚蓝
Lapis Lazuli,4250.374385,327.2656458,-3191.978553,蓝色系,代尔夫特蓝
Light Slate Gray,5577.871458,-186.458883,-952.0740021,蓝色系,灰蓝色
Rich Black FOGRA 39,178.0536234,3.086991362,-120.2277827,灰色系,纯黑色
Slate Gray,5313.153298,-177.6322485,-906.9964941,灰色系,灰蓝色
Tufts Blue,5754.109661,301.6940293,-4051.772276,蓝色系,矢车菊蓝
Queen Blue,4567.670465,-45.62927265,-2325.721875,蓝色系,海港蓝
French Sky Blue,6991.126204,76.60141866,-3585.541024,蓝色系,矢车菊蓝
Little Boy Blue,6327.040401,-0.985697495,-3043.400296,蓝色系,矢车菊蓝
Oxford Blue,1905.974471,853.6172168,-2269.541636,蓝色系,藏蓝
Yale Blue,3639.566019,990.0837159,-3656.771542,蓝色系,维多利亚蓝
Denim,4389.491266,1429.615404,-4638.274712,蓝色系,维多利亚蓝
Flickr Blue,4657.071804,2292.987493,-5728.523219,蓝色系,皇家蓝
Light Steel Blue,7506.328958,-103.9665888,-1297.325951,蓝色系,婴儿蓝
Shadow Blue,5686.713981,-75.79947827,-1378.797503,蓝色系,灰蓝色
Bdazzled Blue,3995.263984,644.306824,-3185.522841,蓝色系,代尔夫特蓝
Celtic Blue,4775.263255,1452.094066,-4852.241977,蓝色系,维多利亚蓝
Cobalt Blue,3666.84957,2221.143435,-4907.879074,蓝色系,皇家蓝
Glaucous,5406.432807,250.0522947,-2656.808968,蓝色系,矢车菊蓝
Sapphire,4034.832121,2113.031407,-5065.9759,蓝色系,皇家蓝
United Nations Blue,5966.842606,662.4933277,-4041.239136,蓝色系,矢车菊蓝
Absolute Zero,3808.740295,2672.57385,-5436.973859,蓝色系,皇家蓝
Blue Crayola,5298.385894,2464.440575,-6307.98682,蓝色系,维多利亚蓝
Blue Yonder,4877.043814,348.9070205,-2747.91257,蓝色系,代尔夫特蓝
True Blue,4661.138457,1341.717677,-4544.147606,蓝色系,维多利亚蓝
Cadet Blue Crayola,6986.429447,29.26200217,-828.8863468,蓝色系,浅灰蓝
Cornflower Blue,6106.473316,874.194602,-4195.240294,蓝色系,矢车菊蓝
Royal Blue Dark,2245.710045,1931.778377,-3534.248615,蓝色系,米克诺斯蓝
Y In Mn Blue,3768.305791,969.1594557,-3340.941995,蓝色系,维多利亚蓝
Roman Silver,5669.56291,49.51978096,-658.6088146,灰色系,霜灰色
UA Blue,3245.583944,3298.652904,-5551.114211,蓝色系,皇家蓝
Dark Cornflower Blue,3360.677907,1536.048133,-3737.708071,蓝色系,皇家蓝
Han Blue,4885.690125,1696.990708,-4718.625908,蓝色系,维多利亚蓝
International Klein Blue,3144.430603,3408.397406,-5563.912004,蓝色系,皇家蓝
Periwinkle Crayola,7839.865466,139.5264051,-1150.47887,蓝色系,婴儿蓝
Blue RYB,4395.80737,4789.495267,-7794.2248,蓝色系,皇家蓝
Bluetiful,4940.93863,2533.10536,-5793.548449,蓝色系,皇家蓝
Cerulean Blue,4105.91395,2356.998415,-5148.711129,蓝色系,皇家蓝
Resolution Blue,2598.158654,3024.664414,-4779.715195,蓝色系,皇家蓝
Royal Blue Light,4917.644352,2389.34083,-5541.75122,蓝色系,皇家蓝
Egyptian Blue,3232.210314,3132.809593,-5366.436549,蓝色系,皇家蓝
Space Cadet,2275.784219,918.1292665,-2264.835662,蓝色系,藏蓝
Wild Blue Yonder,6866.043178,321.3688237,-1624.121927,蓝色系,宁静蓝
Denim Blue,3703.483773,2888.54821,-5406.804345,蓝色系,皇家蓝
Light Periwinkle,7795.471719,195.1508743,-987.9473852,蓝色系,婴儿蓝
Ultramarine Blue,4988.479746,3162.617786,-6385.101726,蓝色系,皇家蓝
Cool Grey,6003.211894,299.1481941,-1228.323671,紫色系,蓝紫色
Persian Blue,3543.095833,3549.095567,-5925.176046,蓝色系,皇家蓝
Violet Blue,3867.912482,2478.551868,-4932.152883,蓝色系,皇家蓝
Neon Blue,5075.983436,3499.625622,-6715.623695,蓝色系,皇家蓝
Blue Pantone,2858.818135,4315.17514,-6091.378476,蓝色系,皇家蓝
Independence,3779.131035,460.9615053,-1448.99836,蓝色系,深牛仔蓝
Manatee,6255.444498,188.7298735,-745.1171326,灰色系,丁香灰
Phthalo Blue,2393.00411,3767.507762,-5229.866324,蓝色系,皇家蓝
Zaffre,2829.60602,4404.940698,-6140.207936,蓝色系,皇家蓝
Liberty,4323.775819,1722.735896,-3625.997346,紫色系,皇家蓝
Purple Navy,3874.692718,1009.839408,-2317.189111,蓝色系,海军蓝
St Patricks Blue,2647.10692,2404.263697,-3987.957374,蓝色系,皇家蓝
Blue,3880.248234,6388.267687,-8701.367718,蓝色系,皇家蓝
Blue Pigment,3203.526396,2964.233041,-4732.419219,蓝色系,皇家蓝
Blue Bell,6620.299699,845.0002616,-1999.234949,紫色系,薰衣草色
Dark Blue Gray,4652.393852,1099.49623,-2383.65761,蓝色系,代尔夫特蓝
Duke Blue,2614.036014,4312.192929,-5873.57609,蓝色系,皇家蓝
Ghost White,9150.727763,106.2017018,-285.4049685,灰色系,亮白色
Lavender Web,8645.987159,316.562562,-823.3804006,紫色系,浅薰衣草色
Lavender Blue,7943.229375,883.6880802,-2122.856422,紫色系,浅紫色
Maximum Blue Purple,6975.319237,1072.270772,-2479.111247,蓝色系,宁静蓝
Medium Blue,3256.169828,5365.032084,-7307.63319,蓝色系,皇家蓝
Midnight Blue,2215.751738,2838.047912,-4148.163748,蓝色系,皇家蓝
Navy Blue,2229.209016,3681.232649,-5014.154149,蓝色系,皇家蓝
Cosmic Cobalt,2911.711571,2721.499709,-4310.853887,蓝色系,皇家蓝
Rhythm,5136.654144,651.6196457,-1471.960999,紫色系,蓝紫色
Picotee Blue,2794.979639,2994.327324,-4449.590202,蓝色系,皇家蓝
Iris,4388.09907,3509.028871,-5522.744535,紫色系,皇家蓝
Lavender Gray,7571.46054,239.3193234,-543.6131213,灰色系,浅薰衣草色
Violet Blue Crayola,5156.694059,2212.542618,-3926.63015,紫色系,紫水晶色
Majorelle Blue,4539.572994,3880.161945,-5910.288255,紫色系,皇家蓝
Ocean Blue,3884.910846,3310.468035,-5050.408026,紫色系,皇家蓝
Dark Slate Blue,3435.994638,2304.930482,-3606.83678,紫色系,皇家蓝
Slate Blue,4692.928286,3140.517576,-4922.966584,蓝色系,皇家蓝
Trypan Blue,2954.96779,4818.472081,-6496.86915,蓝色系,皇家蓝
Blue Violet Crayola,4911.704956,2289.099882,-3777.318549,紫色系,紫水晶色
Medium Slate Blue,5280.313454,3561.714229,-5562.924027,紫色系,紫水晶色
Plump Purple,4010.408211,3170.989227,-4690.220487,蓝色系,皇家蓝
Han Purple,4103.085677,6253.606428,-8084.263414,紫色系,皇家蓝
Silver Metallic,6734.202056,95.45110329,-165.4751126,灰色系,烟灰色
Ultramarine,4009.613647,6432.079358,-8481.976468,蓝色系,皇家蓝
Persian Indigo,2428.299036,3456.184217,-4346.707879,蓝色系,皇家蓝
Medium Purple,5511.925455,3166.900515,-4269.145511,紫色系,紫水晶色
Middle Blue Purple,5352.882416,2248.145435,-3114.84298,紫色系,紫水晶色
Magnolia,9066.757897,279.5937367,-408.9663695,灰色系,亮白色
Cyber Grape,3591.687472,1984.499327,-2546.643658,紫色系,深蓝色
Spanish Violet,3027.362846,3174.874032,-3787.803747,紫色系,皇家蓝
Electric Indigo,4343.203678,6580.625171,-7917.367933,紫色系,皇家蓝
KSU Purple,3128.999876,3389.012821,-3942.95481,紫色系,皇家蓝
Royal Purple,4432.270523,2989.323005,-3538.155001,紫色系,紫水晶色
Purple Mountain Majesty,5536.236115,2062.024525,-2427.844668,紫色系,佩斯利紫
Amethyst,5306.952155,3452.755541,-3865.714119,紫色系,紫水晶色
Blue Violet Color Wheel,2844.884139,3612.456564,-3923.278204,紫色系,皇家蓝
Rebecca Purple,3644.35657,3654.555928,-3993.461906,紫色系,皇家蓝
Russian Violet,2038.661689,2204.893002,-2403.482542,紫色系,帝王紫
Violet Color Wheel,4496.212481,6663.527189,-7658.966987,紫色系,紫水晶色
Blue Violet,4504.9784,5814.218707,-6244.885611,紫色系,紫水晶色
Electric Violet,4666.146552,6764.884563,-7372.423017,紫色系,紫水晶色
Indigo,2742.802828,3963.937426,-4255.767217,蓝色系,皇家蓝
Lavender Floral,6075.515468,3292.647512,-3404.580865,紫色系,紫水晶色
Purple,3540.706806,4994.603482,-5198.019536,紫色系,皇家蓝
Mauve,7517.468548,2687.25749,-2764.392289,粉色系,粉丁香色
Purple X 11,4806.116791,6470.96169,-6417.645521,紫色系,紫水晶色
Vivid Violet,4850.430405,6884.603029,-7062.224577,紫色系,紫水晶色
Languid Lavender,7875.343553,648.8841525,-674.7614141,灰色系,浅薰衣草色
French Violet,4183.904578,5866.143537,-5791.167405,紫色系,紫水晶色
Dark Orchid,4587.324649,5434.074039,-5024.044472,紫色系,紫水晶色
Wisteria,6904.683176,2211.531518,-2102.908315,紫色系,粉丁香色
Dark Violet,4377.051747,6065.537607,-5715.580911,紫色系,紫水晶色
Eminence,3530.269965,3423.123122,-2954.769485,紫色系,深蓝色
Bright Lilac,6815.830035,3618.999494,-3119.046417,紫色系,兰花紫
Electric Purple,5252.635471,7175.711551,-6387.264876,紫色系,紫水晶色
Glossy Grape,6248.561888,1321.329208,-1174.590886,紫色系,柔薰衣草色
Purple Plum,4879.726171,4033.215596,-3457.185776,紫色系,紫水晶色
Heliotrope,6464.666786,5313.636686,-4414.781258,紫色系,兰花紫
Violet RYB,3924.473187,5342.197253,-4656.821607,紫色系,紫水晶色
Xiketic,555.6451927,743.2836819,-624.1702269,黑色系,纯黑色
Purpureus,4772.189607,3973.930155,-3227.781606,紫色系,紫水晶色
African Violet,6052.347076,2386.211086,-2000.027851,紫色系,佩斯利紫
Medium Orchid,5427.2408,4990.114448,-3994.352775,紫色系,紫水晶色
Purple Munsell,4431.009832,5964.21877,-4926.935943,紫色系,紫水晶色
English Violet,3291.639582,1545.031023,-1259.209653,紫色系,绛紫色
French Lilac,4745.766705,2052.430443,-1654.372984,紫色系,佩斯利紫
Maximum Purple,3654.339393,3415.492277,-2643.649905,紫色系,葡萄紫色
Dark Purple,1870.38248,1478.723503,-1126.72127,紫色系,藏蓝
Phlox,5686.707303,7526.524403,-5662.195104,紫色系,兰花紫
Chinese Violet,4714.823101,1914.989666,-1393.578156,紫色系,葡萄汁色
Dark Magenta,3773.714103,4877.698866,-3020.653792,紫色系,紫红色
French Mauve,6168.733034,4390.80121,-2853.298159,紫色系,兰花紫
Fuchsia,6140.930252,7924.516438,-4907.482255,紫色系,兰花紫
Fuchsia Crayola,5417.866616,4891.925363,-3122.593427,紫色系,兰花紫
Lilac,6877.704316,1754.521528,-1204.234986,紫色系,柔薰衣草色
Midnight,3361.074521,3556.434241,-2241.195263,紫色系,葡萄紫色
Pale Purple Pantone,8777.825783,871.9813581,-613.3612475,粉色系,淡丁香色
Patriarch,3531.924691,4566.494403,-2827.931575,紫色系,紫红色
Pink Flamingo,6794.961315,5847.067365,-3778.136794,紫色系,兰花紫
Plum Web,7078.54963,2773.602934,-1868.676488,粉色系,粉丁香色
Raisin Black,1848.243014,192.7579531,-135.4873203,灰色系,纯黑色
Shocking Pink Crayola,6774.091656,6112.635063,-3901.804598,紫色系,兰花紫
Steel Pink,5285.155553,6187.112609,-3864.812327,紫色系,兰花紫
Thistle,7645.057886,1127.738076,-786.8559746,紫色系,浅薰衣草色
Violet Web,6782.080271,4780.071304,-3108.380962,紫色系,兰花紫
Mardi Gras,3691.698844,4753.50735,-2834.164934,紫色系,紫红色
Orchid,6197.226331,4685.502055,-2899.757954,紫色系,兰花紫
Heliotrope Gray,6343.958135,834.2473162,-550.6030933,灰色系,丁香灰
Old Lavender,4730.997256,845.9368098,-551.7792416,紫色系,葡萄汁色
Plum,4304.481431,3396.09686,-1862.156679,紫色系,兰花紫
Palatinate Purple,3186.019366,3063.159925,-1631.582021,紫色系,葡萄紫色
Razzmic Berry,4442.646071,2970.629887,-1648.951816,紫色系,葡萄紫色
Byzantine,4885.804834,5422.911646,-2510.619528,紫色系,兰花紫
Byzantium,3334.938643,3261.656197,-1558.793293,紫色系,葡萄紫色
Lilac Luster,6377.518115,972.4072768,-545.5159493,紫色系,柔薰衣草色
Pink Lavender,7358.475147,1616.242466,-890.9826171,粉色系,粉丁香色
Purple Pizzazz,6261.640851,6619.358706,-2957.508396,粉色系,胭脂粉
Hot Magenta,5955.007162,7304.684474,-2855.226884,粉色系,胭脂粉
Orchid Crayola,7016.362973,2927.211358,-1443.44126,粉色系,粉丁香色
Dark Byzantium,3277.528449,1781.260109,-821.7681195,紫色系,绛紫色
Razzle Dazzle Rose,6031.884501,7038.125309,-2637.992213,粉色系,胭脂粉
Shocking Pink,5831.710661,7193.568932,-2365.071524,粉色系,胭脂粉
Antique Fuchsia,4741.99493,2390.631693,-1082.169234,紫色系,葡萄汁色
Pearly Purple,5487.134033,3382.931467,-1485.463709,紫色系,兰花紫
Violet Crayola,4271.971182,3830.399527,-1586.852299,紫色系,紫红色
Opera Mauve,6027.63723,2156.790442,-914.258061,紫色系,柔薰衣草色
Pink Lace,8615.846938,1322.144155,-582.1601872,粉色系,淡丁香色
Fandango,4659.662037,4958.223711,-1477.943466,紫色系,紫红色
Fashion Fuchsia,5592.063786,6812.193404,-1197.726506,粉色系,甜菜根色
Flirt,4032.786999,4927.987309,-967.9453771,紫色系,紫红色
Rose Pink,6478.37933,5775.454852,-1948.412991,粉色系,胭脂粉
Sky Magenta,5953.891257,3822.069658,-1393.229935,紫色系,兰花紫
Taupe Gray,5597.430955,258.7901769,-115.7285495,灰色系,霜灰色
Frostbite,5587.040547,6228.929771,-1523.522225,粉色系,胭脂粉
Medium Violet Red,4775.317196,5738.72515,-1065.721871,粉色系,甜菜根色
Mountbatten Pink,5472.791856,1314.921402,-486.184829,紫色系,葡萄汁色
Mulberry Crayola,5315.012147,4697.402128,-1376.880711,紫色系,紫红色
Super Pink,5838.263068,3998.272658,-1273.275038,粉色系,兰花紫
Red Violet Crayola,5017.886403,4777.853262,-1227.056914,紫色系,紫红色
Maximum Red Purple,4446.961181,4249.783438,-979.7145292,紫色系,紫红色
Middle Purple,6372.017275,3436.889549,-1042.757909,粉色系,柔玫瑰色
Sugar Plum,4436.510013,2850.654636,-811.1123236,紫色系,深紫红色
Tyrian Purple,2750.956894,3325.123286,-192.3700616,紫色系,深紫红色
Magenta Process,5725.43714,6879.376081,-117.8385054,粉色系,甜菜根色
Persian Rose,5826.384994,6792.266374,-878.8542671,粉色系,甜菜根色
Barbie Pink,5099.094244,6056.600226,-494.8088419,粉色系,甜菜根色
Magenta Haze,4479.990238,3642.322892,-780.3104847,紫色系,紫红色
Mexican Pink,5221.830684,6258.710066,122.1154367,粉色系,甜菜根色
Amaranth M P,4128.193906,4350.543108,-555.7960634,紫色系,紫红色
Deep Pink,5746.307867,6861.089347,-239.5355704,粉色系,甜菜根色
Jazzberry Jam,4046.028216,4844.274661,-116.6139809,紫色系,紫红色
Magenta Dye,4827.898553,5618.290188,-455.3679747,粉色系,甜菜根色
Mulberry,5163.512051,4634.458847,-845.6350803,粉色系,胭脂粉
Pink Pantone,5412.263956,5234.56261,-854.2342973,粉色系,胭脂粉
Red Purple,5212.173392,6233.185753,316.9692556,粉色系,甜菜根色
Eggplant,3465.154358,1495.65905,-364.7414133,紫色系,西梅色
Flickr Pink,5622.806763,6712.419859,491.5500116,粉色系,甜菜根色
Kobi,7081.776948,2738.834345,-682.0426548,粉色系,粉丁香色
Magenta Crayola,6026.650442,5781.265617,-790.5146219,粉色系,胭脂粉
Mystic Maroon,4661.125833,4116.386184,-646.7191864,紫色系,紫红色
Pansy Purple,3211.739922,3623.503038,-304.8649362,紫色系,深紫红色
Persian Pink,6683.188618,4494.948551,-974.7702046,粉色系,康乃馨粉
Smitten,5075.39308,4963.992629,-664.1755526,粉色系,胭脂粉
Twilight Lavender,4228.279439,2738.972486,-599.7777867,紫色系,深紫红色
Wild Strawberry,6007.011732,6369.061544,-706.8002063,粉色系,胭脂粉
Dark Liver,3578.979165,361.4416417,-100.4264152,灰色系,青铜色
Deep Cerise,5228.473389,5730.175234,-458.0878384,粉色系,甜菜根色
Hot Pink,6444.222734,5419.822524,-839.9449542,粉色系,胭脂粉
Rose,5685.658506,6774.201481,692.8549341,粉色系,甜菜根色
Rose Bonbon,5892.074168,6218.268685,-588.3610226,粉色系,胭脂粉
Wild Orchid,5957.819767,3839.457031,-741.7127175,粉色系,康乃馨粉
Winter Sky,5679.303954,6757.305359,837.7098608,粉色系,甜菜根色
Brilliant Rose,6167.760929,5899.927544,-418.2833695,粉色系,胭脂粉
China Pink,6059.353006,4145.516827,-528.3457786,粉色系,康乃馨粉
Fuchsia Purple,5028.988937,5176.894346,-154.5019511,粉色系,甜菜根色
Cotton Candy,7901.963654,2417.062341,-417.3218937,粉色系,粉丁香色
French Fuchsia,5899.325678,6274.556676,31.4997716,粉色系,热粉红色
Magenta Pantone,5174.574693,5079.294098,-89.66830869,粉色系,甜菜根色
Telemagenta,5022.156196,5323.026785,102.7510886,粉色系,甜菜根色
Dogwood Rose,4978.836964,5812.937621,796.3720962,粉色系,甜菜根色
Rubine Red,4811.035479,5681.757797,1507.739956,红色系,玫瑰红
Carnation Pink,7454.231511,3190.981357,-339.1031702,粉色系,粉丁香色
Mimi Pink,8530.0567,1297.32685,-216.9601004,粉色系,淡丁香色
Old Mauve,3216.000325,2314.152175,-155.2761515,紫色系,深紫红色
Queen Pink,8031.732523,990.8032326,-156.5680424,粉色系,淡丁香色
Violet Red,5994.351108,5649.959423,58.92960961,粉色系,热粉红色
Fuchsia Rose,5036.408556,4730.585043,160.3035661,粉色系,甜菜根色
Raspberry,5143.991444,6056.551814,1636.530675,红色系,玫瑰红
Ruby,5102.450038,5985.946327,1466.648123,红色系,玫瑰红
Amaranth Pink,7101.110161,3053.458645,-218.6641427,粉色系,柔玫瑰色
Cyclamen,6346.686035,4764.934279,-72.09086914,粉色系,康乃馨粉
English Lavender,5931.507942,1852.696369,-177.5343072,紫色系,柔薰衣草色
Fandango Pink,5586.954144,4954.345846,177.5708086,粉色系,热粉红色
French Rose,5866.273216,5802.172286,373.0771112,粉色系,热粉红色
Irresistible,4726.542259,4111.653441,146.4372549,红色系,花蕾红
Maroon X 11,4430.737392,4550.724071,355.628495,红色系,花蕾红
Mystic,5465.482556,4726.662046,139.7614493,粉色系,胭脂粉
Pictorial Carmine,4551.794563,5350.26517,1548.960316,红色系,玫瑰红
Quinacridone Magenta,3990.221246,3293.767191,32.93188707,红色系,西藏红
Razzmatazz,5236.312384,5935.084813,1028.455112,红色系,玫瑰红
French Pink,6401.817743,5058.060923,167.5739874,粉色系,热粉红色
Nadeshiko Pink,7491.176037,2577.936478,-155.1688901,粉色系,粉丁香色
Ruber,5177.74859,4818.534835,325.9184444,粉色系,甜菜根色
UA Red,4937.557961,5799.312376,2228.30477,红色系,中国红
Cameo Pink,7715.730175,1814.655467,-110.5489074,粉色系,珊瑚粉
Charm Pink,6717.550765,3127.080357,-81.84692226,粉色系,柔玫瑰色
China Rose,4765.306826,3316.057261,78.29467519,红色系,花蕾红
Lavender Blush,9007.154526,501.2377109,-50.95683298,粉色系,亮白色
Rose Red,4598.185471,5224.9694,1175.796093,红色系,玫瑰红
Spanish Carmine,4787.939767,5619.534188,2274.315436,红色系,中国红
Amaranth Purple,4235.412972,4529.557539,996.0940143,红色系,花蕾红
Blush,5723.117605,4554.648725,475.010693,粉色系,热粉红色
Carmine M P,4886.856873,5718.216456,2780.419342,红色系,火红色
Orchid Pink,7782.831098,1827.795878,-55.31327583,粉色系,珊瑚粉
Tickle Me Pink,6854.732618,4027.898788,147.2373342,粉色系,康乃馨粉
Cerise,5204.47525,5593.534418,1389.063129,红色系,玫瑰红
Cinnamon Satin,5527.434686,3925.390057,416.9031461,粉色系,胭脂粉
Claret,3281.529833,3648.313385,1101.724582,紫色系,梅诺尔酒红
Mauve Taupe,4738.983409,1931.390075,58.22455399,紫色系,葡萄汁色
Piggy Pink,8569.54205,1063.963862,-26.71948859,粉色系,淡丁香色
Baker Miller Pink,7027.603029,3808.530227,259.3683194,粉色系,康乃馨粉
Rose Dust,4871.694584,2430.851986,165.1531044,紫色系,灰玫瑰色
Vanilla Ice,6849.014206,3480.158442,269.7878628,粉色系,火烈鸟粉
Big Dip Oruby,3933.829924,4142.879182,1263.384798,红色系,花蕾红
Burgundy,3215.651404,3758.665122,2165.422499,红色系,庞贝红
Puce,6275.672907,2425.540547,157.8312757,粉色系,柔玫瑰色
Red Munsell,5361.76208,6254.04834,3628.606244,红色系,火红色
Red NCS,4529.60744,5289.367845,2948.403428,红色系,中国红
Bright Maroon,4605.951611,5139.658385,1940.845103,红色系,洛可可红
Pink Sherbet,6888.260763,3577.831108,427.3925717,粉色系,火烈鸟粉
Paradise Pink,5432.038961,5487.62542,1768.233673,红色系,玫瑰红
Red Crayola,5356.205034,6085.430298,2770.180232,红色系,火红色
Amaranth,5255.395766,5764.253111,2460.218402,红色系,珊瑚红
Brink Pink,6155.920521,5185.072497,1341.495774,粉色系,热粉红色
Catawba,3422.80687,2320.405463,447.6576984,紫色系,西藏红
Cherry Blossom Pink,7761.370019,2389.330885,294.7824756,粉色系,珊瑚粉
Crimson,4989.582116,5757.984616,3119.985422,红色系,火红色
Mauvelous,6969.402873,2975.776892,390.8482846,粉色系,火烈鸟粉
Radical Red,5764.741861,6217.225161,2479.963816,红色系,珊瑚红
Black Shadows,7028.120541,534.4626718,46.57273207,灰色系,云灰色
Crimson UA,3879.89808,4306.333288,2085.36995,红色系,庞贝红
French Raspberry,4740.622369,5042.585734,2124.439682,红色系,洛可可红
Red Violet Color Wheel,3807.662767,3712.473026,1287.741475,红色系,花蕾红
Shimmering Blush,6364.52283,2876.948453,497.58438,粉色系,草莓冰
Vivid Burgundy,3913.053118,4309.438298,1966.143956,红色系,庞贝红
Antique Ruby,3389.846496,3664.09509,1661.59043,红色系,梅诺尔酒红
Cardinal,4591.726449,5150.29212,2661.495248,红色系,中国红
Carmine,3642.936478,4240.43151,3083.096474,红色系,庞贝红
Fiery Rose,6050.738074,5572.892647,1952.22428,红色系,珊瑚红
Medium Candy Apple Red,5067.566,5894.230301,3972.630084,红色系,火红色
Pink,7947.8078,2060.205126,289.8464211,粉色系,珊瑚粉
Popstar,5013.329532,3931.089686,1099.563033,红色系,花蕾红
Salmon Pink,7004.29923,3699.799559,747.9945131,粉色系,火烈鸟粉
Spanish Red,5134.710164,5970.166267,4296.300294,红色系,橘红色
Ultra Red,6336.689497,4832.358943,1298.027912,粉色系,热粉红色
Cadmium Red,5079.303471,5903.424609,4377.636761,红色系,橘红色
Light Pink,7733.818542,2386.826235,439.0249753,粉色系,珊瑚粉
Sizzling Red,5772.233078,6128.657009,2936.310786,红色系,珊瑚红
Brick Red,5010.608443,4671.960112,1856.389797,红色系,洛可可红
Rusty Red,5058.57219,5457.917424,2838.847505,红色系,火红色
Solid Pink,3834.335361,3037.080502,1019.684394,红色系,西藏红
Rosewood,2648.632329,3084.596245,2436.5343,红色系,梅诺尔酒红
Wine,3312.92581,2599.430663,929.7466637,红色系,西藏红
Pale Pink,8466.7809,984.2017443,223.5803797,粉色系,水晶玫瑰色
Ruby Red,3763.999523,4300.988879,2962.48219,红色系,庞贝红
Candy Pink,6079.226885,3873.02584,1433.972976,红色系,蜜桃色
Cordovan,3948.162701,2759.570204,1063.785437,红色系,西藏红
Imperial Red,5357.033729,5898.823798,3734.366343,红色系,火红色
Lava,4728.814649,5451.783831,4038.561614,红色系,橘红色
Red Salsa,5741.17677,6009.097251,3424.878014,红色系,火红色
Rocket Metallic,5427.437045,374.6764149,83.23153154,灰色系,霜灰色
Rose Madder,5168.280878,5715.286123,3628.543292,红色系,火红色
Amaranth Red,4859.306706,5410.54452,3644.659019,红色系,火红色
Deep Taupe,4486.051489,1157.2961,348.4069597,棕色系,深灰褐色
English Red,4653.22997,3414.494562,1400.712208,红色系,番茄酱红
Upsdell Red,4190.286481,4575.190317,2966.56466,红色系,中国红
Venetian Red,4587.699513,5319.544054,4230.137507,红色系,橘红色
Fire Engine Red,4763.788134,5304.977522,3700.688303,红色系,火红色
Rose Vale,4699.676831,3291.786517,1462.697062,红色系,砖红色
English Vermillion,5081.117147,4467.648624,2408.414128,红色系,极光红
Red Pigment,5293.170833,6010.061355,4537.865636,橙色系,火焰红
Bittersweet Shimmer,4998.825105,3849.130844,1959.5599,红色系,蜜桃色
Madder Lake,4857.856943,4949.22316,3187.876895,红色系,火红色
Old Rose,5945.4285,2138.644192,841.4827939,红色系,沙漠红
OU Crimson Red,3337.921322,3688.339171,2742.264346,红色系,庞贝红
UP Maroon,3135.74492,3530.223993,2678.942379,红色系,庞贝红
Auburn,4102.186369,4153.697026,2777.525043,红色系,极光红
Baby Pink,7875.91782,1522.911226,585.296358,粉色系,水晶玫瑰色
Black,0,0,0,黑色系,纯黑色
Black Coffee,2523.18904,485.1572818,186.2885807,棕色系,巧克力棕
Blood Red,2668.206959,3104.889952,2605.215642,红色系,梅诺尔酒红
Carnelian,4247.563763,4738.057233,3646.898847,红色系,火红色
Copper Rose,4953.920544,1774.433941,740.2812593,紫色系,灰玫瑰色
Cultured,9046.89228,-0.035891356,-0.668892942,灰色系,亮白色
Dark Red,3421.93654,3976.747986,3336.764336,红色系,庞贝红
Dark Sienna,1884.036744,1703.102595,1016.031093,棕色系,苦巧克力色
Davys Grey,3871.011654,-0.015393554,-0.286883545,灰色系,青铜色
Dim Gray,4586.452821,-0.018226882,-0.339687167,灰色系,钢灰色
Eerie Black,1538.726475,-0.006157112,-0.114747647,灰色系,纯黑色
Falu Red,3272.853962,3557.423841,2614.491037,红色系,庞贝红
Firebrick,4269.199921,4621.664576,3381.148238,红色系,中国红
Fuzzy Wuzzy,5562.624999,3451.824261,1673.154716,红色系,蜜桃色
Gainsboro,8299.358091,-0.032930931,-0.613720672,灰色系,雾色
Granite Gray,4516.22245,-0.017948752,-0.334503767,灰色系,钢灰色
Gray Web,5376.289445,-0.021354836,-0.397981598,灰色系,鲨鱼灰
Gray X 11 Gray,7379.361419,-0.02928751,-0.54581969,灰色系,雨灰色
Indian Red,5402.835162,3825.207555,1964.544105,红色系,蜜桃色
Jet,2608.375195,-0.010393192,-0.1936938,灰色系,魅影黑
Light Coral,6479.900897,3657.553622,1712.692514,红色系,珊瑚色
Light Gray,8026.155752,-0.03184898,-0.593556787,灰色系,雾色
Maroon Web,3202.591061,3723.025533,3123.873794,红色系,庞贝红
Maximum Red,4958.442529,5523.88684,4245.83817,红色系,橘红色
Middle Red Purple,4701.484299,2894.621785,1398.48217,红色系,砖红色
Permanent Geranium Lake,5158.868974,5559.268114,4042.452349,红色系,橘红色
Persian Plum,2999.908617,3058.583039,2058.433415,红色系,梅诺尔酒红
Persian Red,4855.288879,4941.217479,3326.252292,红色系,火红色
Quick Silver,6622.309995,-0.026289394,-0.489944994,灰色系,烟灰色
Red,5569.417505,6460.793431,5421.04885,红色系,火焰红
Rose Taupe,4650.254246,1805.752738,765.3391772,棕色系,貂皮色
Rosso Corsa,4802.450281,5573.623081,4676.652073,红色系,橘红色
Rosy Brown,6240.450125,1460.760277,572.5519986,紫色系,灰玫瑰色
Silver,7441.554882,-0.029533812,-0.550409921,灰色系,冰川灰
Silver Chalice,6813.514037,-0.027046611,-0.504056938,灰色系,烟灰色
Snow,9226.187901,140.9769943,49.33906667,灰色系,亮白色
Sonic Silver,5002.430789,-0.019874261,-0.370388705,灰色系,钢灰色
Spanish Gray,6170.663973,-0.024500761,-0.456610951,灰色系,银色
Tuscan Red,3940.867452,1924.004497,861.2332618,棕色系,貂皮色
Tuscany,6507.338621,1245.409481,478.1719992,粉色系,银粉色
White,9341.568974,-0.03705835,-0.690641756,白色系,亮白色
Pastel Pink,7042.428838,1788.219402,757.0878598,粉色系,暗粉色
Spanish Pink,7832.907256,1702.171573,709.7836807,粉色系,水晶玫瑰色
Brandy,3942.412376,2560.706829,1377.569422,红色系,番茄酱红
Candy Apple Red,5570.98488,6456.247144,5421.586343,红色系,火焰红
Tart Orange,5866.506416,5497.422466,3737.602716,橙色系,探戈橘色
Deep Chestnut,4884.768033,3659.756104,2254.211982,红色系,极光红
International Orange Engineering,4353.336779,4938.033186,4151.392227,红色系,橘红色
New York Pink,6244.3343,2731.852592,1392.510959,粉色系,草莓冰
Orange Red Crayola,5991.945643,5437.53068,3754.06729,红色系,探戈橘色
Silver Pink,7032.680038,662.9539766,292.2715138,粉色系,银粉色
Sweet Brown,4291.802213,3887.115631,2648.563848,红色系,极光红
Barn Red,3130.360864,3605.30054,3046.471522,红色系,庞贝红
CG Red,5261.887313,5214.739044,3919.03897,红色系,橘红色
International Orange Golden Gate Bridge,4674.952134,4547.550418,3399.935775,红色系,橘红色
Rose Ebony,3684.320867,1131.690416,575.6952049,棕色系,栗色
Cinnabar,5367.368264,5142.820179,3907.298584,橙色系,探戈橘色
Congo Pink,6613.875513,3726.748362,2242.720082,红色系,珊瑚色
Copper Penny,5360.192377,2057.959852,1186.529297,红色系,沙漠红
Medium Carmine,4518.581565,3798.631924,2732.483354,红色系,极光红
Red RYB,5621.855169,6244.671921,5318.058274,橙色系,火焰红
Bittersweet,6347.407749,4548.873153,3191.782082,红色系,残烬红
Fire Opal,5775.420848,4559.38314,3332.077507,红色系,残烬红
Misty Rose,8717.058236,746.0069951,412.2264546,粉色系,奶油粉
Old Burgundy,2638.279631,740.7033737,422.6855224,棕色系,巧克力棕
Redwood,4811.249153,2537.655837,1593.762497,红色系,砖红色
Salmon,6579.159676,3867.064681,2532.896791,红色系,珊瑚色
Caput Mortuum,2735.856466,1955.567924,1433.075977,棕色系,梅诺尔酒红
Burnished Brown,5487.321451,1232.542322,794.8824018,棕色系,灰玫瑰色
Cedar Chest,5292.104741,3680.031804,2750.530746,红色系,蜜桃色
Rufous,4044.84015,4454.477629,3881.680393,红色系,橘红色
Scarlet,5626.049097,6297.1128,5441.094335,橙色系,火焰红
Vermilion,5102.462005,5107.154665,4438.838036,橙色系,探戈橘色
Bole,3798.321291,1898.994515,1368.824541,棕色系,玳瑁色
Burnt Umber,3735.921758,3101.384656,2548.23868,红色系,番茄酱红
Liver,3779.180728,930.3904435,653.7304579,棕色系,栗色
Tomato,6177.204683,4921.460893,4038.34414,橙色系,探戈橘色
Black Bean,1803.418927,1944.308054,1736.020866,黑色系,梅诺尔酒红
Chestnut,4198.167445,2792.886821,2263.57162,棕色系,砖红色
Melon,7763.319816,1957.140475,1397.41043,粉色系,暗粉色
Orange Soda,5998.225661,5023.593355,4255.933963,橙色系,火焰红
Terra Cotta,6023.957417,3568.394606,2854.889863,红色系,珊瑚色
Chinese Red,4322.378341,3863.219066,3523.390509,红色系,极光红
Portland Orange,6055.797792,5175.596683,4612.027895,橙色系,火焰红
Blast Off Bronze,5305.829476,1635.451662,1348.751074,棕色系,沙漠红
Cinereous,5576.217294,671.0958987,561.4564574,棕色系,灰泥色
Dark Liver Horses,3178.06425,808.0132428,678.5733023,棕色系,栗色
Kobe,3615.387446,3223.102729,2986.077853,红色系,番茄酱红
Liver Organ,3165.202629,2306.149827,2051.858338,红色系,梅诺尔酒红
Outrageous Orange,6327.325311,4536.945894,4067.326156,橙色系,探戈橘色
Vivid Tangerine,7221.373122,2816.902529,2312.74684,橙色系,镉橘黄
Coquelicot,5729.744043,6000.507628,5480.893987,橙色系,火焰红
Burnt Sienna,6134.365697,3657.740118,3466.840461,橙色系,南瓜色
Copper Red,5639.130993,2984.795715,2791.08842,橙色系,珊瑚金色
Middle Red,6581.783721,2599.177785,2441.914256,橙色系,镉橘黄
Dark Salmon,6784.226189,2425.431348,2387.899941,橙色系,镉橘黄
Coral,6587.496954,3894.833396,4091.207579,橙色系,橙赭色
Red Orange Color Wheel,5829.287572,5719.530956,5522.451614,橙色系,火焰红
Flame,5593.798485,4395.538452,4728.341356,橙色系,探戈橘色
Light Salmon,7200.726492,2708.401262,2970.075478,橙色系,镉橘黄
Sinopia,4956.074109,4486.476983,4605.760475,橙色系,探戈橘色
Copper Crayola,6371.788283,2325.023458,2707.296674,橙色系,珊瑚金色
Mandarin,6350.055315,3691.911635,4126.959389,橙色系,橙赭色
Orange Crayola,6416.783469,4220.61361,4858.783549,橙色系,活力橙
Rust,4636.884918,3922.373241,4232.123647,橙色系,南瓜色
International Orange Aerospace,5923.056929,5458.193541,5564.241909,橙色系,火焰红
Atomic Tangerine,7050.324768,2894.774047,3672.86863,橙色系,镉橘黄
Brown Sugar,5319.719664,1948.524511,2515.180224,棕色系,杏仁色
Mahogany,4767.65799,4210.636486,4457.995216,橙色系,探戈橘色
Mango Tango,6626.022688,3728.640151,4652.339111,橙色系,活力橙
Orange Red,6222.240795,4667.066013,5425.468715,橙色系,活力橙
Orange Pantone,6019.815688,5191.897343,5609.75409,橙色系,活力橙
Pale Silver,7491.625986,194.2492366,310.3322197,灰色系,银白色
Seal Brown,2701.65634,1933.887044,2351.811964,棕色系,梅诺尔酒红
Umber,3858.678553,509.4785644,758.3828651,棕色系,深灰褐色
Antique Brass,6477.270471,1479.468503,2165.526767,棕色系,黏土色
Beaver,5615.102742,773.409709,1168.8297,棕色系,灰泥色
Persimmon,5736.390033,4665.169603,5311.717758,橙色系,活力橙
Unbleached Silk,8528.206732,759.9457406,1165.427835,粉色系,香槟粉
Apricot,8145.16718,1011.755855,1742.452854,棕色系,小麦色
Bistre,2406.146269,600.3728562,993.0592281,黑色系,巧克力棕
Pumpkin,6405.859297,4174.296492,5664.277666,橙色系,爱马仕橙
Raw Sienna,6312.541369,2098.589275,3261.209804,橙色系,珊瑚金色
Safety Orange Blaze Orange,6205.589902,4690.116801,5703.036039,橙色系,活力橙
Tumbleweed,7094.818854,1264.671754,2133.258771,棕色系,黏土色
Burnt Orange,5225.594158,3825.259886,4790.25634,橙色系,南瓜色
Champagne Pink,8435.725472,393.4716786,796.9508515,粉色系,香槟粉
Chocolate Web,5624.226989,3225.324366,4749.532235,橙色系,橙赭色
Coffee,3884.851645,970.4341186,1666.914694,棕色系,金峰石色
Desert Sand,7927.462717,762.9168618,1513.728142,棕色系,小麦色
Saddle Brown,4029.763743,2340.167531,3428.617408,红色系,砖红色
Seashell,9096.690313,184.3659582,387.13024,灰色系,白鹭色
Spanish Orange,5798.111237,4227.468119,5311.70141,橙色系,活力橙
Tan Crayola,6682.619431,1593.200425,2867.57897,棕色系,黏土色
Tenne Tawny,5269.070729,3779.532788,4821.220142,橙色系,南瓜色
Van Dyke Brown,3485.507974,1132.282571,1928.545805,棕色系,金峰石色
Cafe Au Lait,5513.968017,1102.444126,2069.335509,棕色系,驼色
Peach Crayola,8095.930262,1142.491087,2261.38953,棕色系,小麦色
Persian Orange,6460.509991,1923.398598,3487.133551,橙色系,珊瑚金色
Princeton Orange,6455.322341,3422.627435,5393.717647,橙色系,深干酪色
Russet,3898.399741,1900.632365,3022.0936,棕色系,金棕色
Alloy Orange,5318.908703,3040.515551,4703.184972,橙色系,橙赭色
Dark Lava,3013.079012,310.3133706,716.5638024,棕色系,巧克力棕
Kobicha,3587.483523,1203.086857,2300.539519,棕色系,金峰石色
Liver Chestnut,5216.493244,885.0345793,1899.655147,棕色系,画眉鸟棕
Macaroni And Cheese,7775.228871,1522.21054,3079.458826,棕色系,黏土色
Cadmium Orange,6483.083135,2867.259063,5171.382103,橙色系,深干酪色
Peach Puff,8436.629402,696.2264737,1793.133667,棕色系,小麦色
Safety Orange,6449.652329,4049.571433,5835.387144,橙色系,爱马仕橙
Sandy Brown,7134.739557,2003.549518,3997.453597,橙色系,奶油糖果色
Copper,5497.554781,1911.667273,3867.210944,橙色系,珊瑚金色
Heat Wave,6480.482416,3970.141658,5852.783105,橙色系,爱马仕橙
Liver Dogs,5374.564045,2161.927479,4105.875893,橙色系,橙赭色
Rajah,7340.266789,1933.017073,4249.692788,橙色系,奶油糖果色
Almond,8438.940716,262.3607768,888.9621386,橙色系,香槟粉
Amber SAE ECE,6543.380301,3809.112547,5888.696036,橙色系,爱马仕橙
Bronze,5969.526497,2114.752404,4432.111244,橙色系,奶油糖果色
Cafe Noir,2862.062133,600.6497156,1479.251127,棕色系,金峰石色
Dark Brown,3489.094837,998.824814,2265.967118,棕色系,金峰石色
Deep Saffron,7014.634611,2709.430893,5527.787434,橙色系,深干酪色
Fawn,7126.251704,1308.937634,3266.830583,棕色系,黏土色
Isabelline,8915.710955,54.75742619,203.8047423,灰色系,亮白色
Light Orange,8374.640165,666.4712763,2061.241823,棕色系,小麦色
Linen,8942.644392,143.3220352,512.2505732,黄色系,白鹭色
Mellow Apricot,7592.816106,1390.930283,3533.25405,棕色系,黏土色
Middle Yellow Red,7339.989742,1277.706163,3283.19021,棕色系,黏土色
Ochre,5798.887121,2408.012076,4751.485336,橙色系,橙赭色
Orange,6559.356327,3768.428153,5897.905245,橙色系,爱马仕橙
Sepia,3598.729766,1458.804065,2914.704424,棕色系,金峰石色
Smoky Black,840.9814402,148.0936296,380.9751851,黑色系,纯黑色
Windsor Tan,4703.37215,2604.308483,4222.170584,橙色系,南瓜色
Chocolate Traditional,3687.121923,2020.076142,3311.210275,棕色系,金棕色
Coyote Brown,4522.135133,740.3745389,2244.488535,棕色系,画眉鸟棕
Bisque,8662.760598,382.5691815,1620.111234,黄色系,纳瓦霍黄色
Camel,6458.528517,738.0052377,2582.826355,棕色系,淡金色
Carrot Orange,6662.306184,2406.810946,5585.631581,橙色系,深干酪色
Dark Orange,6775.617973,3226.23834,6025.758679,橙色系,深干酪色
Middle Grey,5599.811054,64.21402821,333.8291269,灰色系,大象灰
Pullman Brown UPS Brown,3423.767789,1024.04081,2608.647432,棕色系,金峰石色
Raw Umber,4658.269787,589.4480511,2025.121142,棕色系,画眉鸟棕
Tangerine,6499.655799,3088.047152,5780.233136,橙色系,深干酪色
Timberwolf,8163.218826,41.35421643,250.4780968,灰色系,雾色
Antique White,8808.325296,158.3463553,981.3780728,黄色系,晚霞色
Burlywood,7386.502079,618.3508696,2564.836705,棕色系,黏土色
Earth Yellow,7051.189893,1103.97567,3895.258938,黄色系,黄水仙色
French Bistre,4863.259079,433.9227476,1848.960401,棕色系,画眉鸟棕
Gold Crayola,7583.233862,647.5771777,2700.709947,棕色系,黏土色
Grullo,6302.97119,191.0016721,1071.831788,棕色系,灰褐色
Tan,7210.935737,440.6528759,2088.212821,棕色系,米褐色
Yellow Orange,7417.638002,1820.244383,5439.116951,黄色系,金色
Brown,4282.402348,1495.489757,3714.968309,棕色系,金棕色
Deep Champagne,8283.921415,502.695465,2462.848665,黄色系,阳光色
Fulvous,6316.459406,2650.368574,5584.604392,橙色系,深干酪色
Indian Yellow,7042.026858,1177.11024,4215.469427,黄色系,黄水仙色
Yellow Orange Color Wheel,6933.907753,2839.552987,6119.837616,橙色系,深干酪色
Blanched Almond,8824.751548,185.0580557,1450.040485,黄色系,纳瓦霍黄色
Golden Brown,4844.439336,1334.049233,4054.504949,棕色系,金棕色
Navajo White,8500.841928,394.8491844,2409.711197,黄色系,阳光色
Sunray,7103.977574,1040.886845,4283.85667,黄色系,黄水仙色
Bright Yellow Crayola,7327.884852,1927.337331,6212.225147,黄色系,古金色
Champagne,8686.738471,125.7436599,1203.751137,黄色系,纳瓦霍黄色
Khaki Web,7014.716983,174.5777545,1572.314643,棕色系,古巴砂色
Orange Peel,7116.898355,2402.152592,6237.843148,橙色系,深干酪色
Papaya Whip,8922.936814,110.7223073,1236.645357,黄色系,晚霞色
Shadow,5215.450042,192.1640839,1531.096465,绿色系,干草色
Light French Beige,6959.305935,287.7468356,2331.487455,棕色系,百灵鸟色
Bone,8263.259572,20.28004258,806.2042975,灰色系,沙色
Chrome Yellow,7268.161407,2048.834798,6335.184479,黄色系,古金色
Gamboge,6757.368512,1618.417107,5826.733778,黄色系,金色
Marigold,6960.325412,1535.46862,5790.822762,黄色系,金色
Old Lace,9067.659395,15.25251819,694.6486717,黄色系,白鹭色
Orange Web,7229.970132,2137.365489,6310.435447,橙色系,深干酪色
Peach,8657.959364,162.4316835,2315.928182,黄色系,奶油色
Wheat,8436.195703,136.1618973,2046.045817,黄色系,奶油色
Floral White,9205.604721,-2.853755644,456.9454744,黄色系,白鹭色
Harvest Gold,6454.109775,1705.22241,5617.506517,黄色系,金色
Maximum Yellow Red,7540.546323,844.3954794,5287.928276,黄色系,含羞草花黄
Platinum,8542.427519,-1.583421478,92.38394219,灰色系,百合白
Metallic Sunburst,5402.169696,435.089093,3483.523449,棕色系,金棕色
Black Chocolate,1412.635788,11.89084354,506.830167,黑色系,纯黑色
Honey Yellow,7482.316122,1560.698922,6475.934856,黄色系,古金色
Cosmic Latte,9145.840811,-41.4577864,764.6697205,黄色系,白鹭色
Dutch White,8427.843219,-6.332256264,1674.199905,黄色系,纳瓦霍黄色
Field Drab,3970.526402,380.2434851,2890.909436,棕色系,金棕色
Banana Mania,8665.936702,-73.23734581,2277.119104,黄色系,奶油色
Bistre Brown,5077.134068,627.0126399,4177.742396,棕色系,金棕色
Dark Goldenrod,5878.689434,940.4012867,5043.124469,黄色系,蜂蜜色
Gold Fusion,5054.851161,45.56832237,2045.881508,绿色系,干草色
Goldenrod,6867.957872,808.4826592,5669.909852,黄色系,金色
Olive Drab 7,2639.286469,25.52568248,1280.215886,黑色系,巧克力棕
Satin Sheen Gold,6652.827659,476.072173,4953.519234,黄色系,蜂蜜色
Maize Crayola,7791.776142,311.8218534,5531.611145,黄色系,含羞草花黄
Orange Yellow,7614.556551,723.1245933,6350.463247,黄色系,古金色
Selective Yellow,7642.017574,1205.636024,6582.876486,黄色系,古金色
Amber,7743.335102,984.2362942,6651.509123,黄色系,古金色
Ecru,7025.128266,-136.7360951,2364.212435,绿色系,垂柳绿
Gold,5471.244976,674.7613845,4702.17631,黄色系,蜂蜜色
Lemon Curry,6632.28377,507.51658,5482.477322,黄色系,金色
Mango,7704.793925,956.0175271,6616.419101,黄色系,古金色
Mikado Yellow,7845.920928,764.8748777,6704.59162,黄色系,小苍兰黄
Orange Yellow Crayola,8179.019174,9.904367427,4867.406672,黄色系,黄奶油色
Saffron,7756.151423,402.880253,6167.760498,黄色系,小苍兰黄
Sunglow,8017.958814,455.6353214,6357.525988,黄色系,小苍兰黄
Alabaster,8718.260232,-60.91642491,442.7507137,灰色系,棉花糖色
Eggshell,8718.177962,-111.485679,888.0246215,黄色系,晚霞色
Gold Metallic,7036.824185,180.5871754,5272.950119,黄色系,含羞草花黄
Golden Poppy,7777.960286,742.7926926,6662.439966,黄色系,小苍兰黄
Metallic Gold,7028.357295,143.4032342,5262.149207,黄色系,含羞草花黄
Jasmine,8390.62315,-241.6816483,4250.593459,黄色系,黄奶油色
Lemon Meringue,8716.221661,-228.5429563,1948.021828,黄色系,奶油色
Mustard,8350.194276,-81.37461043,5634.341453,黄色系,山杨黄
Cornsilk,9125.325116,-186.9750066,1216.202019,黄色系,晚霞色
Medium Champagne,8559.369325,-317.2778311,2560.397843,黄色系,粉黄色
Naples Yellow,8293.915325,-187.7348115,5359.740806,黄色系,山杨黄
Buff,8292.748888,-399.4216741,3955.610294,黄色系,奶黄色
Jonquil,7878.230674,105.164545,6629.703639,黄色系,帝国黄
Old Gold,7129.754098,-261.7646365,5228.572442,黄色系,含羞草花黄
Blond,8871.560985,-360.7342851,2165.352258,黄色系,粉黄色
Cyber Yellow,8158.437892,107.1754503,6938.225103,黄色系,帝国黄
Flax,8278.262855,-467.5314788,3934.60859,黄色系,奶黄色
Vegas Gold,7025.312288,-402.1883581,4086.639718,绿色系,绿洲色
Yellow Crayola,8639.325953,-498.3893074,4354.396083,黄色系,黄奶油色
Arylide Yellow,8089.317012,-541.1320399,4621.293131,黄色系,黄奶油色
Gold Web Golden,8243.083981,-65.96690107,6997.653817,黄色系,帝国黄
School Bus Yellow,8264.319441,-109.1106662,7012.608916,黄色系,帝国黄
Yellow Munsell,7879.573429,-171.3732134,6682.029181,黄色系,帝国黄
Antique Bronze,4140.344761,-339.689938,3029.201215,绿色系,雪松绿
Golden Yellow,8413.743761,-409.4260602,7118.337919,黄色系,帝国黄
Minion Yellow,8377.477121,-681.9682464,5890.881818,黄色系,毛茛花黄
Sizzling Sunrise,8328.195749,-238.186538,7057.70152,黄色系,帝国黄
Spanish Bistre,4982.894518,-363.1853537,3203.709474,绿色系,古铜色
Safety Yellow,8001.811869,-468.1024446,6764.846204,黄色系,帝国黄
Yellow Pantone,8406.066666,-445.4736707,7109.345183,黄色系,帝国黄
Citrine,7881.935772,-746.4480616,6633.928794,黄色系,毛茛花黄
Corn,8689.067386,-923.4067556,5805.269322,黄色系,毛茛花黄
Khaki X 11 Light Khaki,8520.927822,-748.2376424,3824.359742,黄色系,奶黄色
Lemon Chiffon,9142.038897,-457.9744593,1891.909125,黄色系,嫩黄色
Misty Moss,7006.745642,-557.3888159,2734.413573,绿色系,垂柳绿
Straw,8122.821332,-818.3832901,4495.210028,黄色系,黄奶油色
Green Yellow Crayola,8570.202767,-791.0654646,3678.551953,黄色系,奶黄色
Middle Yellow,8672.732827,-916.7802765,7303.493771,黄色系,毛茛花黄
Sage,7132.085309,-502.6047896,2044.893757,绿色系,垂柳绿
Aureolin,8723.764579,-1113.222399,7333.7534,黄色系,毛茛花黄
Canary Yellow,8759.76025,-1083.643158,7366.205112,黄色系,毛茛花黄
Dark Khaki,7075.548721,-729.0292245,3347.41099,绿色系,芹菜色
Lemon Yellow,8883.970881,-1173.722835,6429.666373,黄色系,毛茛花黄
Cream,9210.944356,-549.0735358,1857.509778,黄色系,嫩黄色
Cadmium Yellow,8912.791513,-1372.793347,7477.029056,黄色系,毛茛花黄
Icterine,8936.880153,-1341.320894,6027.547173,黄色系,毛茛花黄
Lemon,8934.723998,-1413.797119,7492.96731,黄色系,毛茛花黄
Titanium Yellow,8442.326607,-1315.735702,7082.072227,黄色系,毛茛花黄
Olive Green,6910.953555,-952.3781105,3764.266287,绿色系,绿洲色
Pale Spring Bud,8669.571821,-594.9083187,1917.062505,黄色系,嫩黄色
Baby Powder,9303.810955,-59.17468928,161.6441025,灰色系,亮白色
Battleship Grey,5505.836381,-33.73502087,92.10374076,灰色系,鲨鱼灰
Beige,8996.985242,-355.9325505,1025.244189,黄色系,晚霞色
Canary,9179.725894,-1192.999616,4133.1814,黄色系,黄奶油色
Ivory,9310.986577,-216.8142199,608.8756355,黄色系,白鹭色
Laser Lemon,9136.957321,-1528.707903,5981.091482,黄色系,毛茛花黄
Lemon Glacier,9097.692864,-1808.769479,7605.901091,黄色系,毛茛花黄
Lemon Yellow Crayola,9186.338602,-1141.914046,3897.409113,黄色系,奶黄色
Light Goldenrod Yellow,9118.128001,-549.0078002,1636.906115,黄色系,晚霞色
Light Yellow,9280.993661,-433.1483183,1262.139092,黄色系,晚霞色
Maximum Yellow,8973.506141,-1661.912009,7055.469812,黄色系,毛茛花黄
Olive,5243.287283,-1002.117887,4391.802703,绿色系,古铜色
Xanthic,8598.497022,-1604.016314,7189.084729,黄色系,毛茛花黄
Yellow,9110.762207,-1739.03633,7621.363269,黄色系,毛茛花黄
Yellow RYB,9087.136567,-1693.04771,7230.574434,黄色系,毛茛花黄
Citron,6485.928605,-1603.052073,5184.887297,绿色系,柠檬绿
Acid Green,7128.939554,-1916.532839,5809.652622,绿色系,柠檬绿
Maximum Green Yellow,8320.899917,-1914.035234,5771.014856,绿色系,柠檬绿
Bitter Lemon,8071.746704,-2345.495822,6686.025453,绿色系,柠檬绿
Pear,8166.563943,-2134.000755,6385.663246,绿色系,柠檬绿
Key Lime,8777.99545,-1598.462136,4129.937508,绿色系,芹菜色
Chartreuse Traditional,8914.746218,-2839.996257,7388.614173,黄色系,毛茛花黄
Army Green,3651.416789,-967.2411419,2400.939602,绿色系,雪松绿
Black Olive,2902.114227,-152.3269623,312.9143221,黑色系,白鲸灰
Arctic Lime,8833.335477,-3334.368432,7248.878912,绿色系,柠檬绿
Electric Lime,8812.012482,-3470.309799,7265.889635,绿色系,柠檬绿
Middle Green Yellow,7139.287821,-1756.476614,3853.033093,绿色系,绿光色
Mindaro,8856.074334,-1997.542117,4377.522331,绿色系,绿光色
Volt,8822.334191,-3405.105299,7278.243275,绿色系,柠檬绿
June Bud,7876.79865,-2349.192659,5036.765134,绿色系,绿光色
Android Green,7235.999546,-2546.670281,5278.357894,绿色系,柠檬绿
Apple Green,6700.130345,-2808.563468,5518.42063,绿色系,柠檬绿
Bitter Lime,8747.784569,-3886.240908,7188.898691,绿色系,柠檬绿
Moss Green,6017.784209,-1379.108844,2663.441783,绿色系,菠菜绿
Artichoke,6021.451754,-713.9388891,1274.366684,绿色系,灰绿色
Yellow Green Crayola,8173.651638,-2107.442137,3664.152696,绿色系,绿光色
Dark Moss Green,3932.834693,-1463.35561,2572.059736,绿色系,树梢绿
Olive Drab 3,5480.225153,-2356.258758,4122.738855,绿色系,菠菜绿
Sheen Green,7471.21007,-3851.542153,6113.767493,绿色系,柠檬绿
Spring Bud,8568.833842,-4509.941686,7005.238722,绿色系,柠檬绿
Yellow Green,7353.603431,-3177.908057,5539.126348,绿色系,柠檬绿
Avocado,5039.707486,-2660.806583,4123.808532,绿色系,菠菜绿
Dark Olive Green,4405.913995,-1592.384733,2610.215205,绿色系,树梢绿
Green Lizard,8378.104288,-4180.571502,6461.249907,绿色系,柠檬绿
Green Yellow,8671.65797,-4388.975921,6772.732087,绿色系,柠檬绿
Inchworm,8253.185318,-3365.85236,5215.217301,绿色系,柠檬绿
Rifle Green,3431.779357,-639.9382017,945.6343077,绿色系,墨绿色
Pine Tree,2332.50342,-431.6972169,622.0289106,黑色系,白鲸灰
Olivine,6908.633059,-1927.42389,2743.206841,绿色系,抹茶色
French Lime,8564.952518,-4724.086848,6496.849156,绿色系,柠檬绿
Chartreuse Web,8505.112043,-5645.142763,6896.10763,绿色系,柠檬绿
Lawn Green,8420.587526,-5625.879716,6825.987335,绿色系,柠檬绿
Maximum Green,5367.825201,-2644.574626,3574.212765,绿色系,菠菜绿
Asparagus,6396.159453,-1955.076596,2420.216932,绿色系,抹茶色
Sap Green,4882.05927,-2553.889694,3300.004784,绿色系,树梢绿
Spring Frost,8532.323429,-5418.29851,6674.430208,绿色系,柠檬绿
Green RYB,6376.757299,-3713.644147,4552.7938,绿色系,经典绿
Laurel Green,7086.385694,-957.7229825,1089.744853,绿色系,灰绿色
Bright Green,8443.233077,-6151.860376,6820.956452,绿色系,经典绿
Pistachio,7166.4854,-2648.596742,3105.550378,绿色系,草绿色
Ebony,4071.000252,-507.1974131,556.1153992,灰色系,青铜色
Nyanza,9139.221518,-1143.480136,1260.324547,黄色系,晚霞色
Tea Green,8617.297241,-1613.422891,1687.295309,黄色系,嫩黄色
Kelly Green,6589.009199,-4760.208973,5226.034159,绿色系,经典绿
Bud Green,6656.025628,-2961.474766,3172.112811,绿色系,草绿色
Kombu Green,3020.424916,-814.6828325,813.8813284,绿色系,墨绿色
Harlequin,8381.05505,-6690.709322,6745.235231,绿色系,经典绿
Fern Green,4786.529288,-2205.543125,2201.840767,绿色系,树梢绿
Lincoln Green,3607.280804,-2841.725628,2903.547543,绿色系,树梢绿
Mantis,6967.610345,-3595.863547,3377.646541,绿色系,草绿色
Neon Green,8375.53466,-6737.714683,6693.358335,绿色系,经典绿
Slimy Green,5484.354807,-4305.061595,4277.536214,绿色系,经典绿
Yellow Green Color Wheel,6290.013531,-4947.612844,4921.31953,绿色系,经典绿
May Green,5446.672332,-3217.483046,3029.274266,绿色系,凯利绿
Granny Smith Apple,8083.487527,-2705.212023,2324.971732,绿色系,草绿色
India Green,5050.354454,-4161.751664,4050.507811,绿色系,经典绿
Ao English,4806.148579,-4006.236813,3866.622381,绿色系,经典绿
Dark Green X 11,3942.351824,-3288.595226,3173.99008,绿色系,树梢绿
Dark Sea Green,6965.339095,-2030.185003,1544.952634,绿色系,灰绿色
Electric Green,8352.168733,-6952.26725,6709.985805,绿色系,经典绿
Forest Green Web,5158.034136,-4047.28442,3765.514001,绿色系,经典绿
Honeydew,9219.705849,-643.712901,465.5640649,灰色系,棉花糖色
Light Green,8206.063468,-3921.805147,3153.936489,绿色系,草绿色
Lime Green,7043.29175,-5524.592533,5141.285647,绿色系,经典绿
Mint Green,8661.645942,-4227.590434,3411.825325,绿色系,草绿色
Nickel,4948.690987,-100.4474372,71.69217078,灰色系,钢灰色
Pakistan Green,4005.525111,-3341.079538,3224.645352,绿色系,树梢绿
Russian Green,5632.993917,-2023.649897,1568.380942,绿色系,杜松子绿
Screamin Green,8473.703206,-5789.566953,5073.252022,绿色系,经典绿
Celadon,8054.633814,-2264.546624,1627.964108,绿色系,薄荷绿
Hunter Green,3882.632755,-1943.657509,1371.778531,绿色系,杜松子绿
Middle Green,5336.655918,-2735.049269,1915.725442,绿色系,杜松子绿
Eton Blue,7326.388605,-2043.18415,1182.018821,绿色系,薄荷绿
Ash Gray,7282.585822,-498.7375994,265.8104841,灰色系,雨灰色
Erin,8362.374233,-6819.561752,6045.201765,绿色系,经典绿
Xanadu,5420.041727,-840.8273459,451.0785728,灰色系,素灰色
Dark Pastel Green,6666.832727,-5362.307265,4497.275123,绿色系,经典绿
Cambridge Blue,7247.404341,-1199.402434,573.8314876,绿色系,鸟蛋绿
Emerald,7015.354092,-4301.57705,2605.559329,绿色系,凯利绿
Forest Green Crayola,6181.60673,-2839.78292,1550.16062,绿色系,祖母绿
Malachite,7389.631932,-5831.464186,4576.635699,绿色系,经典绿
Shiny Shamrock,6183.278356,-2823.276718,1505.593393,绿色系,祖母绿
Turquoise Green,7744.563861,-2064.586776,960.8248447,绿色系,鸟蛋绿
Feldgrau,4024.626002,-726.8291479,322.7949249,绿色系,墨绿色
Green Pantone,6140.932209,-4825.88306,3706.999453,绿色系,经典绿
Sea Green,5225.483351,-3310.395091,1754.403846,绿色系,青椒绿
Amazon,4769.857788,-2453.155551,1147.983069,绿色系,杜松子绿
Medium Sea Green,6403.118559,-4026.916661,2108.119958,绿色系,凯利绿
Forest Green Traditional,2909.316784,-2197.727822,1448.039315,绿色系,万年青色
Green Pigment,5926.610413,-4466.346807,2946.290925,绿色系,凯利绿
Dark Spring Green,4432.66779,-3030.448691,1577.142952,绿色系,杜松子绿
Mint Cream,9269.860192,-354.2235253,105.4944482,灰色系,亮白色
Spring Green,8404.709069,-6286.519024,4047.321003,绿色系,经典绿
Aero Blue,8988.663365,-1875.312401,586.3695551,绿色系,鸟蛋绿
Phthalo Green,2415.39613,-1462.44382,655.3452358,绿色系,墨绿色
Dartmouth Green,4350.186752,-3192.493951,1904.563819,绿色系,杜松子绿
Magic Mint,8461.324192,-2387.134867,691.1075909,绿色系,薄荷绿
Morning Blue,6363.762102,-831.3728221,223.7580784,灰色系,沙漠鼠尾草灰
Spanish Green,5354.522293,-3889.879672,2240.303865,绿色系,凯利绿
British Racing Green,2847.199787,-2062.306522,1163.12707,绿色系,墨绿色
Cadmium Green,4197.205881,-3034.686709,1711.537309,绿色系,杜松子绿
Medium Aquamarine,7688.808884,-3822.124528,1302.511525,绿色系,薄荷绿
GO Green,6121.645538,-4319.464832,2227.737593,绿色系,凯利绿
Shamrock Green,5748.023784,-4025.51795,2013.751596,绿色系,凯利绿
Medium Spring Green,8306.435645,-5778.027672,2822.256247,绿色系,经典绿
Ocean Green,6799.402441,-3701.255129,1185.045045,绿色系,祖母绿
Dark Green,2284.458666,-1568.609553,711.231952,绿色系,墨绿色
Green Crayola,6184.415392,-3971.375459,1485.44195,绿色系,凯利绿
Jade,6045.116565,-4143.910547,1899.086811,绿色系,凯利绿
Mint,6473.09976,-3603.889844,1097.328431,绿色系,祖母绿
